Thickness_mm,Hole_Radius_mm,Load_Force_N,Max_Von_Mises_Stress_MPa,Max_Deflection_mm
1.9363502971184063,4.094485142059235,1740.5317153544786,7983.617023247115,599.467442976283
3.37678576602479,3.608289099032361,3167.6037895134327,5369.907514281295,205.65316812096935
2.8299848545285125,2.928582848858983,4491.783343505633,10386.73779536219,495.2453923664477
2.4966462104925915,4.4413850591208455,3928.899545638245,11398.303273861717,631.099874982089
1.3900466011060912,4.054193517661638,4226.2445914457985,35096.09830794563,3933.8778903061407
1.3899863008405067,2.4878508180346737,3635.1334668428694,30185.48401886087,3383.985675790818
1.1452090304204987,4.732781553481527,3769.1062580714097,44356.91553296504,6273.605133746931
3.165440364437338,4.467611728769507,4396.782606261277,8344.336704551602,346.50486125161507
2.502787529358022,4.849399739875772,1998.6720354367437,5811.19016445699,318.8042681648761
2.7701814444901136,4.17715852516508,2957.699854572562,7142.504965945837,347.8866148952266
1.0514612357395061,3.8402455878073694,1884.837767278409,25880.64776015417,4053.513517165908
3.4247746304049858,3.2547291088718566,4950.672031986588,8139.209474618621,308.0750046401913
3.0811066020010545,4.798185450062039,4776.2373587464535,9509.693191023805,408.191594277476
1.5308477766956905,4.598191668501225,1157.7072454740237,8123.729349494608,806.6647483358545
1.4545624180177517,2.135656010318568,3822.300690062754,29229.591433611462,3105.2056208591043
1.4585112746335844,2.079100923491756,4700.993269662664,35770.84750107299,3787.8831265705585
1.7606056073988443,3.129390100634149,1722.3013805093342,9361.81707580228,789.0961238622081
2.3118910790805947,4.431659992345499,3271.780922210518,10910.297529366655,662.0974529119399
2.0798625466052894,4.961828387944833,4661.953190352167,18769.900391297822,1295.5001931422246
1.7280728504951048,2.4512506733105845,1135.7839143431954,6388.558223570472,550.1935723574409
2.5296322368059485,3.7823921460564054,3789.6810689873596,10741.530391582639,585.3295718466545
1.3487346516301046,3.1426725698930644,2189.396029490203,19211.394678352543,2230.921645447851
1.7303616213380453,4.909743193443809,4697.5847815061215,26325.00754829734,2266.661660069332
1.9159046082342293,4.526356769407126,4884.232980661471,22777.259721999555,1736.2923336425308
2.14017496054259,4.514986114133413,4777.065956453735,18264.84486949822,1218.179756925053
2.962939903482534,3.406079479384911,2896.856866629855,6196.1724936431065,278.5375422874076
1.4991844553958993,3.2444585070129954,4448.170603957254,32224.954340214008,3300.2749187222216
2.285586096034029,2.8202212157921185,4378.197594140282,14864.420541905069,916.752578278078
2.481036422155106,2.1691264899527813,2276.4018929730228,6681.519695000499,372.6683768298964
1.1161260317999944,4.594167128765159,4315.661896602709,53169.89425681743,7759.7237517838985
2.518862129753596,4.438703027390233,1148.0305388619704,3318.7431978587283,179.64788707892498
1.4263103092182288,4.999153019858392,3385.0795139282122,26849.6236571771,2916.4850038082177
1.1626289824631988,4.989910511221716,1920.0353491508122,22015.56182609567,3054.486335059791
3.3722138431333333,3.6662951168078823,1482.2675431091152,2538.8722260969853,96.49747298532196
3.4140800826863984,4.3069622455415315,1307.8128065168366,2195.2325847674983,82.17340451637068
3.0209933702911527,4.834297189647284,3785.155103512559,7820.993527600712,343.41530381844905
1.7615344229334267,4.548942172032234,2359.499855072265,12827.908525590898,1079.0617589098783
1.2441802850159598,2.742044305229593,3899.0670861150456,39505.20099451877,5061.100420945407
2.710582566280392,3.3516324059302804,1261.4253631957695,3185.0317012684513,158.39977837963687
2.1003812343490034,2.387478245454485,2261.161351322441,8953.854684132519,610.0844530191836
1.3050955871119472,4.862153081776167,3157.965169501349,29391.021955774253,3551.605078457061
2.2379422752781757,3.81852390335264,4162.8926593558535,14691.005968531643,928.5631841215334
1.085971302788046,2.685928416510388,2275.0100117282796,29450.056846131232,4440.935658877273
3.2733010051969553,4.01510205321757,3503.5655057480362,6268.555311163371,249.85344935115887
1.6469499540000423,3.8543847213736875,4543.910992944749,27811.412055536737,2542.937090000865
2.656305710884955,3.0744881540985216,3463.4527527292184,8988.683587505646,461.94729383039066
1.7792776902235274,2.340672776598887,1931.8378990145352,10295.826245693921,857.4593829970419
2.300170052944527,4.014719586778399,1097.6031262261522,3720.8044969439907,225.66868155691907
2.3667756983581993,3.5609231027113797,4480.39549560372,14289.326634813895,844.8473350886825
1.4621361388138177,4.3169551752069175,1085.0776434015486,8274.916674761082,867.7380035632656
3.4239615694113965,3.56049050333598,4498.8066907367975,7399.198086475191,280.2994598705087
2.9378320584027864,4.556544500955621,3115.748536108848,6768.674494803144,307.1881740824231
3.348747353910473,3.6557205163234565,4756.270794051585,8141.8531927114245,316.4181064782223
3.237068376069122,3.6828139146061587,4195.132943094662,7644.295145826361,309.27807291656416
2.494749947027713,4.629960807975035,4991.73644213335,14498.310495491764,803.6772266691074
3.304685587557792,3.210448598637191,2402.847261806841,4236.396227308865,166.43785586474246
1.2212312551297988,2.402045685351922,4068.7531557245075,42616.31248711962,5584.833124134498
1.489957156047863,2.0863480289400167,2607.723654436969,19109.139848932355,1970.990048474896
1.113068222276345,4.265411767020857,2919.5024812156353,36159.78608036784,5292.846838136209
1.813325826908161,3.8609286540603938,3510.0218528734804,18093.236622340813,1471.6666093349727
1.971693224223705,4.11223930429767,4494.708456745355,19908.106880513635,1466.0159803553922
1.6783725794347397,2.6388924845267323,4936.33387679718,29187.11913211539,2610.20783980679
3.0718437728798236,2.4091144267603095,4073.0936554580726,8136.037177804845,351.36488710217725
1.8918833167339733,2.0436339970036457,2671.067128669335,12743.052804021952,986.2087891366116
1.7023362742184518,3.051762676419791,2685.428009108281,15496.18055019321,1360.7790334061651
2.356740207895621,3.7697530605638994,3950.329206355566,12708.371176595048,754.5719774577739
1.3523105624369065,3.176732135299197,1955.1085830732095,17072.649942210708,1976.3770093022633
3.0054924518850994,3.312424766071187,1441.8964525255788,3022.8653954915335,132.85912206511563
1.186376609199427,4.712476083481246,2418.488630563106,26732.085010005532,3620.9350732210933
3.4672173415012932,3.044766401069901,2148.955966616327,3485.9617731559156,129.07533291061497
2.9306119232416434,3.5419684674794323,2185.2324818239604,4771.925459578816,217.0291173577329
1.496789203835431,4.350959038223429,1934.4310041996398,14084.982315840654,1442.118032558917
1.013805292809006,3.1896283469638105,1168.3727585454476,17136.19520126867,2803.221837070478
3.0386535711370852,3.8662601006836206,1071.4957389336553,2233.273771670163,95.44407076509118
2.767143359619043,4.587091126240235,4950.889558944126,11939.26525018766,584.235223030773
2.8225179201024684,4.848561870972926,2711.092534943449,6348.256734454,301.25986845355783
2.9281758667148643,2.441220442787114,2537.3065886387267,5540.55404361815,252.5459013687165
1.185111629335226,4.779762875484483,3718.5891307722795,41141.43357371028,5585.115023529515
1.8961643213606816,3.4763488792386146,1873.0155514602566,8925.438925012319,686.931710872194
1.2896726488128243,2.774733164896875,4799.844735800902,45587.9762959684,5594.251789464259
3.157758564688984,3.377407268714784,4145.380057662209,7886.896350489686,329.1196516911909
2.558245317068895,4.940097725856431,1357.644009249038,3813.0150226072174,202.7044039399399
1.827245062131623,3.4778542819786087,2670.3231031397136,13572.659611738522,1094.249133442861
1.1588958757150591,2.9862548308625247,4516.473230248659,51983.77534697007,7254.594676184002
1.7774558042891555,3.9002025629501773,4778.928089165642,25499.18867968709,2127.4293214329423
1.8129583050668676,2.720436856334579,2869.606044999479,14777.32193504125,1203.9471897267708
2.82401544584516,2.227589984325992,3453.645556842831,8021.714342081816,383.4661471218725
2.593893678388033,2.386639165731948,1668.1357843683008,4524.750810934731,239.00443429152477
3.2180318564408164,2.3841375168733174,4964.674504547906,9114.66347582692,372.46192028712767
2.1805373129048733,2.455708080536883,1926.6868055337736,7125.445111625447,464.68016275965323
1.2989856148457544,2.41648151794823,4770.927096540503,44720.22715910494,5441.369137567066
2.7831119680574874,3.9226242344096436,3598.586595969474,8603.245098447256,417.3980994710807
2.9019626215422436,2.5456402531974343,3430.9471795154363,7582.985631091527,350.9115443040093
2.4031929939237404,3.0370018499715896,3050.7540440660346,9480.638034427777,549.3340939192155
2.9274179498864026,4.690365229718036,1922.6792468710346,4234.242912732711,191.6498621268096
2.234488990910977,3.4218849207886173,1706.1121280220332,6054.758580588947,382.44495658055996
2.306832073454985,4.002673215563082,1881.9448362807016,6326.421526661647,383.25107303314115
2.068852545896374,2.5169596136048895,1745.753048577018,7107.859937210109,492.9673518515199
1.063547816860238,2.5768670564260123,4118.337894267013,55317.907642022066,8558.528569199369
1.269728567483261,2.1226058487994366,2400.5010366669203,23452.02390025638,2931.7620093786236
1.0785729642168356,2.5068051892164935,1231.3707062535855,16152.349403595563,2453.631084482095
2.591026028159451,2.835771017095876,4876.410520563246,13215.226033997147,700.9239923307512
1.7858899526908167,2.5310314528302404,4535.143539853703,23985.180001497756,1990.5294614457775
2.271426727911757,2.266107601271167,4711.009132780851,16161.250506951339,1004.820591026231
3.2689161848152324,2.3619076133018027,4979.631290585741,8887.719131197195,356.3656646869732
1.6232305728721874,3.3823363040981773,1695.580996877949,10668.223663752868,991.0166601882191
2.025957307589074,2.6190011552173775,2584.968075610635,10910.446676319345,777.3661515393524
2.8888778463576217,3.092809583144226,4032.9539028163654,8994.533429798445,418.17442174200033
1.5719954137290562,3.5102518125645705,3784.0824722151688,25182.745839409374,2435.280408507029
1.1924497745719824,4.071184485888096,1615.5836253594202,17708.44149034131,2382.095773569615
1.7243786322844201,2.117936419523297,4263.332499962471,24013.77336549848,2078.701965034608
1.403053218135011,4.398231196727128,1897.7622873466426,15529.71824916975,1717.9172536742062
3.3242441308564326,3.883701168472723,1895.2704592904925,3312.4039810155855,128.92073396217955
3.0203009489110424,2.2452770958466157,3147.8976915736544,6482.222826304542,285.6534993766381
2.583509391276059,4.620735872320331,3371.7597393668125,9223.082108717883,488.7654829586339
3.1786514754692945,4.7626172015954396,3320.344831351245,6269.942372934605,258.32866523774175
3.0091801922477863,2.1832338795645914,1365.9473495910195,2858.245868346823,125.26141985275918
1.4664251472150895,2.830632944441611,4509.843450521521,33997.28111639757,3575.372756404213
3.2313974962249445,4.418603839379184,2062.4001703548242,3799.9294141260843,152.7635570126997
2.348355604789127,4.244779071150975,1518.0596851312166,4947.238099085523,292.97775200559187
3.018600387910156,2.553563058069132,4554.9923194759085,9383.833479140638,413.86932623990384
3.240228249808733,2.628047970010131,4822.605992919013,8747.17023626184,354.3927215029864
1.7950086874296596,3.111416308374146,4448.510469061803,23321.043787519902,1922.7418318100808
1.275129811319192,3.453568955573064,4238.064298899512,41091.285107958174,5110.351956620974
1.5698379063548542,3.854764314590888,3620.9679225560867,24162.325677318528,2339.9241587866513
2.067769471565641,3.1067409187093173,3203.429482436557,13026.412569398964,905.6886658340426
3.0450369148062326,3.3876041483994435,1347.9470396456404,2756.0371270038945,119.3225771918889
3.1518264581408584,4.24241281440127,2633.8128522827947,5056.8352350537825,210.22418286618142
1.0173803263279768,2.110049608671794,2490.7540680492557,36240.10884550158,5913.2085425521755
2.2768682564439144,2.7573108330320624,2039.0151350413048,6977.424969874789,431.9977946854906
2.0435275078719473,4.140048757653657,3893.6804547543397,16186.538690490059,1140.4794145869203
1.5552695261768257,4.685620513061598,2983.502940315083,20278.749362761933,1982.6771926559072
1.299663418334207,3.5350323263469985,1324.1848636305917,12434.471713097246,1507.9652412537328
1.8440379285090698,3.596340455795947,1880.7328077992454,9423.673068865428,749.88806739922
3.357274259781298,2.321516034019328,3733.035054638384,6357.87876974495,246.64888439238086
1.808007330051888,3.342237100470364,1304.5234379612007,6778.416149534281,551.7370492624649
2.296976554358415,3.5978517993650696,4404.827656195075,14836.75457990181,908.6235588920433
2.7575473972379445,2.727411510904189,2980.586108055897,7233.2517012489925,355.28381990507364
1.909074005948235,2.807729692848143,2922.346309306592,13723.091713349839,1050.141683569048
3.429455206802402,3.131852489313868,3369.6311386380703,5537.996483532329,208.85813646074564
3.406118237355278,2.060213593333179,4298.723863700597,7123.09829521115,272.147216932949
1.6294557395634104,2.966237496749535,2391.2368316087723,14935.442564257111,1381.7611839802466
2.2431212647309637,2.634344020989634,3712.0646102362543,13037.578328824191,822.1666556291589
1.752195774541924,2.982492056533744,3262.927855983164,17866.061961619158,1516.1991123380753
1.7121012359436691,2.3592863954577536,2068.1130806776855,11815.531606262923,1030.0301763105656
1.0922173683863319,4.671581842219685,4514.519945420632,57827.436665964175,8661.964652462977
2.523910834949742,3.780777360662146,4189.704086427712,11917.988821197181,651.5070835579614
2.2566975580721538,4.037306957433469,3633.807338633702,12643.48731564441,790.5143878885585
1.1286968781249733,4.367513715822015,4402.326916376967,53162.7116257907,7653.874827030766
1.6966161605915286,3.495326596787172,4469.176803839209,25930.518234804564,2287.8826068904514
3.2706647149166344,2.260760864262271,3833.451906860139,6839.973296175075,273.87056353821146
1.598904726667431,3.6113196254556432,4348.053313454688,28069.833447441528,2659.3133107781805
1.3622371802280577,3.7605233540626375,3789.8858466771344,32640.435039041793,3748.2334295491532
2.2236319006939076,4.23631842255299,3720.5630870412015,13296.635251550582,846.0694853551945
3.464126135276502,3.294978638689038,3474.4455128607374,5607.705395291963,208.9241319138383
1.605138178778751,2.3827409083866913,4010.866558230565,25690.924827400668,2424.5156090085716
2.6803388685146965,2.8513277173961735,1634.420421172295,4185.254333194492,211.97958858012439
2.904049038321794,3.0892468891959055,4523.483036795714,9993.200929737664,461.6719537551732
1.5940938599809993,3.9377517239948037,4487.374110980928,29121.80404843975,2769.410336428848
2.8205408715296487,3.7123349140067354,1116.9891321382365,2635.057539177655,124.35038322929142
1.919457831798133,3.0682901776935387,4303.26700225905,19997.451076788802,1521.243823495143
2.580764576483949,4.959545746378939,1515.4794698937808,4187.830440051709,220.42458979586306
2.583824276902237,3.8173244580706616,2340.4754170365677,6403.476853169435,339.1769877624321
2.339436710186896,2.711680375207983,3974.033025166431,12944.858158936006,775.8918633567325
1.2257244251360206,2.3053474178612112,1643.0395841932327,17113.662794706164,2230.5542884112547
3.088256238973095,2.458577417552996,4271.868096476249,8437.939272279333,362.63589585500137
1.8019501624293395,2.7378731851535245,4328.536711830968,22523.643209858838,1849.384369706447
1.4662962759996356,2.482044119778667,3029.8709350433446,22849.097255948258,2402.8377437866206
1.1019378538869098,2.559701072153917,1025.5434868673344,12941.694595147912,1916.110488653402
2.4772323579706046,2.8552855060815414,2148.152532699651,6332.5602326320795,353.27036677109686
2.693910904605706,2.5201207858842647,3467.7076735029686,8776.536799329284,443.5087158242005
1.0414695723196403,4.690296273879276,4924.744712109694,68723.53583113542,10898.956075092196
2.2802326457482023,2.2407012369849264,3527.2541080666733,12025.386698252509,743.8663792400432
1.5662394379948448,3.573534168710764,2039.2143242566392,13690.181589307935,1326.898837199433
2.6129319760236247,3.2311904809689844,3536.0228123984452,9453.55093375224,495.46967316768416
1.4359160725124787,4.947135850725819,3159.941518863422,24771.393388449127,2668.3191168478907
2.727344345256165,2.336116706504157,4119.381580604575,10177.89490907242,507.5212722912274
1.9668383657513435,3.193566797137225,1427.9225553078336,6375.687159359075,469.1899462522031
3.3418249718418362,4.908411299826106,4044.111610008112,6971.188615212572,270.8985711105548
1.3438023603649831,4.596521377681941,3165.066314704441,27947.412876636976,3260.7225870391985
1.8526658776256464,4.451216212847839,4851.9680154359785,24041.132863300427,1907.4962954964844
1.2836838031014728,2.7737084811348196,2367.4886641547446,22687.80886515292,2797.8506140190534
3.311734045696407,2.5126627621701974,3530.4875725357924,6167.500004793073,242.94628229542116
3.1933483834524523,4.005929659773293,4728.11242204007,8826.773539156742,362.99446912399844
1.644854069287889,4.788127967382757,1410.038911962717,8697.816575080828,792.1323503745475
2.6499601150854475,3.6702886790417892,4748.913948945805,12363.54392722683,637.8907952049753
3.0430555005030397,3.7148380684096995,3751.5428892032533,7623.58475761373,332.95491520686363
2.388002028998656,2.8399372809808527,1271.3482364206875,4018.8449404332123,233.313171584561
2.324126445890016,4.308478799575811,2203.8542677872647,7289.336671725592,438.97475674887954
1.6046307272511293,2.56113124567257,3832.6883545811265,24572.15375757154,2319.1359217447794
1.232756919514748,2.971037709212731,1269.4024058750867,13094.854654172876,1693.910308426813
3.2430393948833167,3.2763093158492502,3328.6818407050932,6037.193914500901,244.15831508967702
3.251045142908326,3.522831136053365,2383.532227811827,4327.220139519499,173.29778331363468
2.58275364318317,2.727229197245241,3483.6620710699085,9507.131596217087,505.5988065248168
1.8475744776217518,2.3445104742176106,1182.9681352500513,5902.591205570372,469.02916695363444
1.8730239365316521,3.831860127324898,4486.147224609505,21779.398036416515,1706.736529597985
2.8148891971755985,2.8658916597207673,4893.955876709588,11426.833468689763,548.6891527521051
3.242775649881443,3.743714664267837,4875.511421142766,8846.444700288914,357.4202016618629
3.2177160606627933,2.463088145822607,3998.607326971699,7340.528473637358,300.087146594823
2.9496888646440595,3.4434203055644526,1520.3449605225278,3296.377761140894,148.12550804001793
2.6050791153857196,3.5977682976547576,4033.0527837160903,10838.714802099346,570.2968006572637
1.210349912487622,2.1554706104672805,1098.347665835206,11712.757922863364,1548.708736580697
1.4040717852365345,3.0098128345817616,1088.494206115989,8900.447700055545,983.1804747183779
3.2463854713176983,2.4032440308169227,2294.4408765981652,4156.807713517815,167.48018991544663
2.516072649148975,2.1901249114183035,2954.572761618663,8451.724212494302,463.86040786642315
1.022992629041574,4.9698806971698355,4081.629671231173,58828.66439767009,9531.22053321226
1.2536788571650803,2.967061534924169,3733.181506426021,37311.959058006374,4736.632348568911
2.6587544227701394,4.429623337563905,2783.610825506993,7231.044305143426,370.3786833193671
1.0126539596155468,2.7639219642912916,2094.5066651266634,30745.425089909917,5042.305598477363
1.4020201285437466,4.044508166671788,4988.498000630845,40773.07881643445,4525.255680997985
2.3718344734164654,4.280683579669059,2704.7252089438916,8622.115967166194,506.65841318573246
2.729737994231733,3.7869162218235326,2805.548097318702,6957.849858629732,344.8004022611414
2.6299031487565014,3.414728565650475,1654.4952847666768,4387.884743259806,227.3670062970657
1.5606732736513995,3.2355227424418054,4179.238194999718,28164.454811707932,2748.612218060714
2.78044805336884,3.046604799628986,3774.7289031259547,9029.997815395338,439.14811233878225
1.5931227187420003,4.788587432743478,1883.0784511550414,12271.91105645936,1164.4283944737222
1.8134992453981693,4.491858223363187,1329.5241824633708,6881.11547183573,557.237455672938
2.86622851279506,4.8950807319995375,3721.9972082988525,8452.895024296624,395.1487582600894
2.6240822476180368,2.3728916704566343,3618.044857124541,9584.300182595302,500.4210296588333
3.123058526235445,4.192602425610932,2093.0381079928375,4101.700618480009,171.70106511728858
2.6440322307508586,4.815021370463113,4803.454249001641,12580.029716609504,649.7674124470797
2.420771508338679,2.5436991984969803,1604.231567123601,4928.597074329242,282.8744865430515
1.2341869195702313,2.1994888021003325,2729.3392041704074,28069.761154898228,3629.442617707808
1.9192895076485839,4.223361947870178,4774.463680670396,22197.10309861043,1688.2155431340389
1.6630059192043136,3.7234193395397357,2678.909267704489,16134.108839123159,1456.1826114553228
1.6099741084477088,4.525486330274816,3554.103790656342,22678.65460587955,2129.2132209736133
3.432526386881114,2.4193171298788685,2590.3775918511774,4255.898989674014,160.0448828840578
1.982744311666901,4.3858019355796705,2096.86080939468,9234.902832637486,672.5690173447828
3.2301163879427834,2.6048819601432336,4935.9105918393125,9002.93459040306,366.0973392560373
2.5778465649931572,2.4909678285971135,2637.3360252601724,7220.51508281056,384.8864767587453
2.987028258854121,2.492797393792979,4576.396814716538,9608.213429643756,429.339604491305
2.2565927327629804,4.443724160694146,1919.8184235643448,6704.746423376896,417.6776877444412
2.4422597115658977,3.9955916620886005,1852.418816100333,5627.371856529154,317.8659717118403
2.2312942345471596,3.569196274307358,1124.5363315380455,4021.491539604029,253.06038217746016
1.4881074694951113,3.0764914523705076,3606.6673015035403,26486.91426795074,2736.1619477024187
2.8061302881537635,4.631601622439325,2474.1053748950444,5849.6603799516115,279.88350023933157
1.7019309061021395,3.177335322267906,4457.432999358549,25704.628694175957,2260.445735293931
1.0607899160786345,4.449798318414731,2892.8396267662283,39068.131886976116,6058.814803038724
2.6136807397679194,3.3174047257106554,4872.773711658887,13012.017457728338,682.3298059304914
1.4427766985176222,3.1308332882747227,1742.1020628124847,13542.764114372363,1450.1315303877764
3.3511464608822856,3.3880393570088194,4474.492671822443,7647.214124693024,297.30718382742316
3.3848214425064684,2.9041336224924263,4106.387411166967,6898.523154613302,264.69020445110226
3.2871609755511213,4.242828140528753,4083.687378576208,7249.112689077859,287.5456475048484
1.925396750638611,3.5081611702774373,4379.13291246755,20245.301732971893,1533.8323673247737
1.0386415413221686,2.696638085440452,4044.0959637719957,56697.06618302399,9023.268468307171
3.3207964064693134,4.698723719823706,3504.8812865256614,6113.3807241330705,239.3138463724863
2.0704603707932856,3.151673664119634,1524.9795107295504,6202.837372551039,429.3825536780427
3.416637047609174,3.630658583341966,1130.1047179650077,1907.7330478757817,70.72464934001637
3.409049942723132,4.7194163328936405,4683.391391262747,7780.253854147448,295.40978892748427
3.1325236386684003,3.8727139877419763,3466.601258082952,6703.854899039906,281.95697723131826
1.7361222301739643,2.350694122125092,4186.149163904705,23297.619039625777,2000.0987332096522
1.9627443215048133,4.819496370840426,2926.0894060502005,13099.010217702495,967.6906902142915
3.127841678792142,3.883124159214254,1469.2327558495779,2878.582754854742,120.09560646697064
1.792305012890694,3.0047168439712584,1500.7431688102017,7921.983461884207,651.6944214397222
1.4237318667152312,2.4178162179901617,3742.2611489158853,29746.19137265447,3241.6442614592206
2.3920031561458757,4.3820755678108885,2721.223579597851,8550.678078240113,497.01737671440986
3.3403869354019524,3.8602182677855406,1802.0989068013469,3130.0489817464086,120.79394368385877
2.7400744916874324,3.6003832759289645,2966.378186965748,7294.672863748825,360.41645776212846
2.4251529252234123,4.681677749152873,1256.8357483005364,3890.654068978683,220.2764127004385
1.2429412344269213,4.3657916336735925,3327.8856076575953,33802.97028658251,4332.632750852395
2.5375180667479245,2.4550246391982533,2075.9736177403906,5858.234295720927,317.44150115957706
3.475134625260658,2.9351662033866446,4190.236402548753,6717.576347784906,249.68574104653916
1.35021003809131,2.745467419443397,2241.447835694295,19614.944818266446,2276.376963293689
2.2958241309093417,4.231838877718031,2820.880596327205,9526.108330787496,582.8095929237354
3.1934326798198884,2.100597304207338,1046.4821596324025,1961.5802027200561,80.54125098563017
2.851921544385511,3.7096690546139497,1289.7875511782354,2968.0202083114464,138.9178772264547
2.74253935248817,4.287376057222072,2569.974225626739,6332.845986272384,311.2126321235886
2.756210209967773,4.6302969102852485,2919.7553388684937,7111.198758109862,348.58911972648133
1.898727878049388,3.0262452461477225,3400.082192477215,16117.494120817924,1241.8803245679737
1.7339796106612333,4.463771914016038,2166.650314837213,12119.225515027212,1039.1511605436804
3.023402888696284,2.3318952108656217,3779.9275445061703,7768.467117416612,341.80563297466284
3.025283486697952,4.539356875203555,4440.489588756818,9139.749639704407,400.98343682715006
3.1676807964502594,2.382465986995947,4119.4039555734,7788.057980637886,323.95730722489304
3.2831013813911785,3.191861871681102,1158.4753013934287,2080.2598073249314,81.83096653353951
2.2783559971523446,4.391886097338661,2922.0277890313155,10007.221975898876,617.9388279335279
2.253790736717999,2.4497522820463216,1419.7207136726995,4963.112567582487,309.8785881812763
2.995737947416938,2.6877541856979246,1968.1800634501099,4127.851546924636,183.04319264315973
2.624909826944413,4.166757705179199,4946.650373068585,13119.643693100616,683.8136450851605
2.7549171931442586,4.160109609638223,1569.9821716060528,3852.4373880765384,187.82794562411382
2.9894816735902525,3.923442898655892,2995.5526138054242,6309.620920850196,280.313784818529
3.2250133545439157,4.0818453334013,3472.6229372724765,6382.128167865175,258.85393576883035
1.8449878921288394,3.6281733300427885,3809.859882176416,19025.72241802536,1516.5517536220277
1.93895738159986,2.7553971767208583,3238.5947339476566,14785.08968257723,1110.714258545968
1.2349548496021725,3.0370879805117585,1039.0833896767347,10690.268037671438,1379.1971934281862
2.445700352490435,2.544793150404277,2305.8452329759675,6947.589869109726,394.1204074151663
1.0898556844918552,4.725351684000885,3070.846573538846,39506.91587363235,5930.460797505129
2.1639950453311503,3.7501753842983616,1351.4659965793335,5094.030625403896,333.44596279622084
2.3566115867689414,3.2025542502909197,2402.5077248367234,7743.967630766273,458.9210792202782
1.716353130320711,3.386017410932398,1132.8124351654662,6473.068982942712,560.2287319499479
2.477083151422527,4.841850018835446,1314.313988620083,3910.3066319819104,216.17579164404955
1.0762506248476236,2.4600542093482405,2587.6931048063843,34037.40365107257,5189.167492131825
1.093370471873036,3.758689496050392,1530.8630161722413,19608.100076197246,2928.1480674095815
3.056501401649146,3.517666036653398,3270.1633930462326,6608.743832591805,286.2188640910587
1.9004766035281573,3.8343627063039434,3757.859876549063,17804.155115417037,1368.5865351979617
1.317651281629712,2.0543305514625216,4202.346796436332,38393.10373670149,4592.242341757895
2.3056081501370107,4.616371726832455,1800.6009769792404,6051.341431261583,367.42058503234955
2.924983882746527,4.7963548474508375,1669.930329036279,3690.159056741745,166.61404290905352
1.5395525687421079,3.6953995507676267,1418.271361337601,9830.791457156763,971.977017673907
2.5572261895475004,4.089952471630677,3545.720998174547,9868.744231786319,530.1803802249578
1.21336866248442,4.767498143531887,3825.9029059476047,40577.66247992396,5354.2351500182085
1.1292043029215193,4.1217159029401955,1126.344579302568,13624.773285147287,1955.6561125809183
2.32838657892037,2.457617128742784,4744.848984974759,15569.220759515927,939.7456805836457
2.3515878040252662,3.7288650805004395,1207.8851346058896,3931.1684583021256,232.26271600847343
2.5935747537455165,3.8201451391485675,3165.185341204282,8581.87915074692,453.63297852519156
2.8152283343066538,3.272392013907158,3836.242077803666,8966.803658317018,429.8938888446696
3.4396301986563365,4.209332706874168,4483.876494984343,7331.650853569088,275.4688613976217
2.290750870752988,4.803101044307045,3856.3477285297113,13076.88550804253,801.9954957151881
1.8073911823531148,4.7767055387203285,4206.9123322791675,21804.365043454414,1781.3255818981947
2.987965486921759,3.3525181142123963,2357.800770171224,4965.106875314011,220.94392939248812
1.6770806281551855,2.339714137522266,4259.300454986049,25220.54735829747,2257.5546341202557
2.0974285517640903,4.954523596887004,1320.4593855387006,5286.746379495474,357.82903319588735
1.1961409533556648,4.516694259337802,4579.266624242111,49810.98758980451,6689.1320482850415
1.0633768585386438,2.3739880436098004,3190.369504614945,42872.33718457472,6633.20888651012
3.406621036694813,4.762525647852117,4269.191079849975,7108.276588710822,269.98861799810004
3.0899503012805147,4.609689086186385,2809.2731380732002,5581.995426690324,238.05432665082216
2.739935515234245,3.5565141713782165,3574.3107807860997,8782.690620290348,434.3826317616148
2.0223823610356746,3.7738263072347875,3105.610643744453,13157.147376724786,938.748415526989
1.4332358001771144,3.1970081116103906,3926.3580870213273,30851.71746894758,3334.1820791860746
1.3910926066777152,2.164284916466094,1326.5199281223584,11005.625947248029,1231.8516590714169
1.6256072454114883,3.0055917249377027,1241.4083359622553,7799.529383392279,722.4906914854215
2.373066661765301,4.408560345794035,1988.412936040586,6352.155561847124,371.88042240087583
2.786489806750156,2.013896069013809,1638.1787204527534,3906.9277019572514,189.15257933620106
2.650493441794328,3.0004975150734325,4487.1342663688065,11687.836640349502,602.3982357965816
1.6998347423648572,3.19450608077283,1876.855949432177,10870.368488170318,955.4105857087936
3.387163201657985,3.6121868088137687,4903.461023276525,8227.025285701804,315.54809948858616
2.844742291739421,4.759566849238281,2347.5831670844273,5425.113358825079,254.98791916047983
2.385885131278502,3.0390379830978835,1728.471662754797,5449.190444013279,318.2384455220613
2.5293018655858805,3.040859605688683,4158.794028569917,11767.399137815692,642.5993976663409
2.049000156069475,4.212503744329245,3634.8311020035044,15032.86229447224,1056.2625821500478
1.6193274737528935,3.3566538226694216,2992.782865812556,18898.879485540583,1762.0645356406562
1.889931696628154,2.6738144688199457,3221.454203750525,15394.597506629278,1193.1163030171367
2.8946152761609225,3.35731854839808,3876.8071130890553,8637.320240698034,399.6903108799123
1.0359837215743897,2.4225710611394,1913.8189653251948,26963.721643392506,4303.225130543151
1.2901816012672906,2.52916095951867,4985.335664226968,47304.37937162126,5803.462480743249
1.1150066050543819,3.4951033182184394,4899.172648587133,60460.455181865334,8835.520938328676
1.1018220057974253,3.2567763485136436,3601.3027453877476,45417.18087205032,6730.885765513771
3.138651460027518,4.7445377032043,1798.1698037165806,3509.032186192116,145.38965767552745
2.759144648450059,3.0871816973498993,3720.912969725165,9024.543606477773,442.7714639350623
2.185434572718313,3.7417650508341302,1288.7936359167034,4782.695442692019,308.66473987903527
1.2445854016275038,3.8967928637585914,1122.6100088232242,11407.040011472847,1455.7023659960234
2.229039687792081,2.039283369765001,2030.7315540448546,7225.0356141843895,458.32669110644537
2.1836794269514144,3.9906121160501318,2850.4918269572654,10527.78105613034,684.3590112834097
1.433004674775038,2.5341079006092544,4473.090021633522,35138.12724242737,3800.106513159266
2.0846291230949325,4.883210952408366,3908.676279065232,15685.348089181696,1078.626063341069
1.9962618359934337,2.445988183259339,3970.826084799924,17191.00360414413,1247.677818295428
2.539625245130541,3.2438723711810713,2701.973337792301,7608.248329614873,412.4151615816277
2.587734127169109,2.2560490042359316,2383.7399701878517,6488.505767196903,343.90625869460354
1.1132600244301112,4.990622755537842,2484.155051938411,30782.884426090986,4501.124038596144
1.9365315365661782,3.506585030993728,4950.5982549442315,22642.327020111705,1704.2793073209996
2.564649789285591,3.7861550519601312,1160.4367656499298,3247.757888985908,172.07349414403245
2.2578406464502194,2.2012294321652823,4468.125984489794,15493.500623554522,970.3169373599607
3.1412246029708055,4.249881411197533,3314.7016342895736,6385.1892741236625,267.2782163135204
2.646734079047363,2.629716779286757,2754.461676758362,7193.520935654407,371.32643432097575
1.4073360677035742,4.694162868322142,3901.030641660546,31681.029165250293,3498.760778671919
1.1764218685010746,2.6154189214460217,2946.675765698811,33023.078478027404,4524.713179625626
2.606048195515789,2.5720631619909997,4493.692952326643,12050.859065075236,634.7209184903423
1.0662782763540546,2.1096490035442845,4602.807456045034,61543.07136205164,9491.829370119643
2.464438953183658,3.416200835329998,2686.883707493822,7991.960960857334,448.58084376673196
3.350575603562394,3.6945233997878493,2107.311188940206,3625.169480376483,140.12234658325514
2.4386854446896975,2.197125918285057,3369.4013143734487,10192.592295763381,580.6744470852059
1.9704248155163047,4.326582850085032,4649.453382466763,20630.444706130194,1519.3716348963846
2.608220546105883,3.3598665042440827,1842.6487560226665,4964.916628256298,259.6546042252249
2.1456322262287917,3.57317080798274,3491.866334253931,13295.818677108156,883.890832681205
2.3640419732898375,3.3222882408146845,3526.2408803700823,11276.560959796543,667.1158190412018
3.3536620219413127,3.202289182625978,3932.452089661124,6717.235704601353,260.34075155395664
1.9652565945019356,3.6789209939246534,1526.2707405090391,6834.87691588636,502.72407453717
3.4029764095597854,2.4657207377921377,3863.299858728354,6431.995146716102,245.26780488820089
3.2633766048901593,2.5457843914858134,4636.130082662564,8310.939807481658,333.6225095107584
1.489477836973241,4.585356863040552,1718.732435480968,12637.146252170078,1300.3286990627817
1.1734032521879136,4.838346386400898,1950.1732996955107,21988.55854791593,3017.6181036132825
1.2519450034435666,3.119927948839259,4885.580376166558,48943.22308907494,6224.522613246205
1.0455545641288744,2.812234019430661,1723.907810837959,23890.9923314946,3770.5328276849364
1.236107401889821,3.9319986297170475,4417.540373478317,45293.80203559076,5847.30103452714
2.707516933540892,3.226202513294289,2969.111425792139,7452.6088855473245,374.0344936762293
1.1779716211505724,2.0761590669810346,1988.9242976127082,22238.632603669485,3042.067977832729
1.7974390757344032,2.468457792098571,4482.999605090045,23425.2356311653,1930.2264767896966
3.1121882774236362,4.147916686542192,2781.221020010662,5457.498711439852,230.70223519879812
1.0581798393395647,3.976771825730454,3059.2694157187607,41492.898887045434,6454.696999569499
3.0361712064723396,2.0812879775104505,2436.933477599063,4970.74999454119,217.67061702002977
1.7046369369335,2.6659164857988484,3371.80340573971,19382.566914797873,1701.6154519726786
1.2954120690541406,2.693224389764214,1654.0954903400911,15603.21847164704,1902.220723604783
2.741842913410377,4.015678230796185,2564.3261466070426,6317.244877226716,310.9770980188332
2.5723571169497097,2.0591316132630926,4877.6492893411505,13389.912351873789,716.3496023758511
3.1936800338176323,2.3123257459537214,2032.5337308045102,3796.01061099549,156.00767888975165
2.8376776095097145,4.399748256119568,3626.9466581651686,8373.150753328584,396.73635456901
3.0087023259621213,2.535633986163001,2300.7602568987795,4784.810812012318,211.3022781113296
1.705086431428266,3.958238323555624,4093.8925027464024,23543.389734101413,2064.606320513156
1.443598859449307,2.7145483431401796,1523.4946428733992,11835.345098526466,1266.0213519212036
2.876536879102146,2.2983241782780355,4879.284180314178,10957.920322101148,512.4582574348436
3.01708684816816,2.7295165729983624,2815.158165534557,5824.32359114439,256.2746645425104
3.4762628550016834,4.166800795566978,1944.2018533858559,3145.707336713988,115.785221614085
2.031544192278566,4.567089404318857,1293.9869893200507,5472.970435215808,385.7389368183061
1.930045214481958,4.490659593700975,1679.031620350163,7760.8169150280755,583.7776677138648
2.941032401854992,3.1915505888553644,3079.0957942240707,6659.605389105117,302.5660445356436
1.8520088506325445,4.004255409711939,2348.012705725145,11662.319404378677,923.9490451115022
3.326893314008912,2.6149528862474627,4315.533463530438,7471.209410846265,292.91149917952896
3.1460318796075297,2.87944319078304,2723.550094647224,5230.144949176855,218.62077376843555
2.0724850684375458,4.68900745556336,1994.8570903505197,8111.945375317351,560.3318935235453
2.877177669478743,2.039005770532208,3468.57994641612,7796.24285971734,364.1019405929193
2.886357185211706,2.2565255925634045,3827.108867541783,8543.611030617974,397.9071413453552
1.2578096720898315,2.623658765438082,1668.1676316037995,16589.99460787999,2095.813056099672
3.2563822666989166,2.0795966116214593,1670.4768651532706,3013.539123246846,120.92747883009356
2.263130931119643,2.5443063052693917,1146.685707734172,3972.606852180066,247.3568422375689
3.066143665269354,3.7491246829090765,3945.608060262562,7926.008091326588,342.1868771024081
1.8001240025765295,3.264273651777494,3655.21811048722,19073.793527267437,1566.5829436078043
3.238808071240501,4.678015133230924,2898.5235029992555,5297.667303382861,213.22715777749576
1.9730041968354077,4.452330685215323,4376.681795876788,19373.70479259007,1424.3824069900236
1.027094128700746,3.025452055093628,4222.680611800213,60403.30751191531,9743.09426709256
3.2634549410481593,2.7782703002938773,3341.417457587009,5987.668015747568,240.48882000094784
1.228216691965334,3.1390772245018006,4473.085122053035,46380.081691620886,6035.71674250387
1.7982840939760372,3.7708848275444233,1823.364840147073,9560.084152639769,783.9568516746748
3.3751549176270124,2.8041909224686288,1447.6784775909114,2458.657269177432,94.25424886333863
3.3765178673438903,3.872446723547402,2078.9984460679584,3536.9384387636896,135.0254189574356
2.433594720308215,3.228234956573721,1228.3474243572593,3748.7253406350633,213.0868658287373
2.579593030424498,3.6561415425559405,3124.6781120041283,8559.632398737966,455.02238419059813
2.121113804945799,3.30837958740595,4746.422769179846,18432.09714337103,1243.3788508514035
1.7330269292451614,2.883397278625753,1157.3741626740386,6478.838926258371,555.9630925564684
1.82166136342479,4.8453599208864695,1488.4396560401071,7649.407121787518,615.6774236305175
2.681296140192596,4.290817382479283,2808.796113133741,7186.05224063527,364.2581266064394
2.8809363235942,2.4203395272993578,4735.50007011162,10600.385913925425,495.068606398308
2.978947609314621,4.605403927693739,2264.624419907002,4818.102086795517,214.16460954381856
2.9740453569863847,3.462293594748541,3028.9392347535695,6435.162076448588,287.9244194430448
1.2280152576217258,4.683656680682274,1166.2914362015683,12138.4879938826,1574.330751837605
2.2360507617564536,4.3995657678419455,1593.3728038483555,5667.998638129465,356.0676016510101
1.1438969000416108,3.2756405134077005,4946.5204918353875,58291.284435507914,8261.830449840094
2.373822205809339,2.067407924960352,4860.474785744182,15408.518054385577,908.2716816150794
2.1038262534334424,2.8060320781548382,1019.7599237376385,4044.8044569957656,273.7333585560746
3.2192604568957495,3.6249026439826006,4807.247141692956,8832.429329071614,360.20546374590594
1.8772875313801967,3.900434659478442,3556.4797512620016,17212.10872256183,1343.8577948986467
1.2926675410690147,2.7736630562996067,4471.673178080088,42289.384939095784,5175.612106242686
1.3574792051320896,2.4180682222184724,2818.9594225354367,24416.38281110044,2817.307903512099
2.9037765792936807,4.504790710397897,3062.384114317001,6781.891906069514,312.7172288219262
2.5455451582906528,4.953206542110657,2955.3863210276804,8308.69861745232,447.9939737947108
1.2528066903069757,3.5770705469080575,3667.4570301844174,36713.56642836866,4662.751213694744
1.2102670152874935,2.5150378575449106,1558.6050190252517,16600.528590759244,2198.128202209759
2.7524228286478,2.816921979558107,1119.8943594907118,2743.824491725106,134.26014295399906
1.181907515910484,2.0551720296424003,2231.719766364764,24806.578308180167,3379.38601198783
3.0546501482258908,4.742896419681497,3818.7230509465867,7742.2089236577285,334.83799969944323
2.7656055678912406,2.3532532486704234,1807.4138084917936,4372.709160034508,213.45723192181154
1.2033719516047494,3.7295494265427607,3693.729733299669,39745.32666127205,5299.222723265772
1.21209428521298,2.822165662061618,4879.648184429082,51807.252437653326,6850.490923239295
3.4665989462529385,3.6625340075473805,1375.6028631576735,2252.5233023454284,82.46078328694244
1.9356769893903008,3.9542611650555926,3690.4084729005053,16904.568002379154,1271.9970193889837
1.9266053676672272,4.4892254111216054,2775.0008772182846,12835.659976606112,970.2311530280182
3.0319989181437563,2.6192638152818097,4472.569017510021,9139.387849162893,401.03395655411185
3.3681214434596467,2.0329874859754415,1708.5991577895436,2899.9012615289807,111.95787449173608
3.465002659557177,2.410656890206422,3770.503808904658,6069.364250710576,226.4936438279357
2.8834454631473543,4.700055925544316,4352.461158592441,9769.289169535483,453.942419551773
1.9406489638272895,4.621670232687546,4778.456877896093,21787.807537198707,1634.4739155592595
1.208751791746672,3.792239306510925,3732.9921131585834,39849.599592362414,5284.338698371374
2.942867289818592,3.80155058130096,2988.699056033709,6467.873973854488,293.1092666109632
2.3960106243395125,3.9951100236387664,3471.3889608048553,10842.389842346527,630.9077502000163
2.0605550231174408,2.5261138358703485,4475.619937914873,18306.172869781774,1278.9157920280643
3.26588596273684,4.743235837774879,3282.438986555319,5905.5898584695215,235.47718035138914
1.2779937057653783,3.2563115746762192,1121.5482387873474,10856.4362076648,1343.370392325902
2.2315627607271478,3.1494155847484926,4723.794782027911,16760.274536319786,1062.6316325490525
1.0283841119185477,3.5567531158485126,3758.1070041262446,53646.145321875934,8638.571374537998
2.171651604985316,2.1408979003251654,3706.053543108986,13787.073083978981,904.5519208610145
1.1407581892045933,2.4988501062682382,1862.7006095908687,22071.623065788302,3136.655364759668
1.2970447906701799,4.214100849279111,3635.541880930629,34202.43898992786,4165.261264921119
1.2938156169427621,2.2483960037753796,2575.4576226166337,24325.817863979315,2973.120376585059
2.623025755290159,3.8094563283991647,3604.9319081659683,9569.637448048345,499.4564652566613
2.8651121981635583,2.736047329043963,1426.3721212319629,3254.5627853785954,151.61509156082312
2.458421912742899,3.1678868421259296,3631.3812184121443,10823.682768641442,610.9756617801686
3.4054313711863546,2.8660812103120996,4997.654903082666,8303.143968692775,316.36829886092744
1.9371764488092602,3.0670181493948476,1192.8481554422242,5484.371871381718,410.27546782863453
1.714280215704652,4.157137715552737,4908.696736885269,27954.459167071072,2435.789300262808
3.171497820473651,2.891365146869525,2627.6318428914824,4977.154576795207,206.0374745658544
1.5589895962986315,3.6992139208906916,4483.013801349036,30282.067131189197,2957.950739256292
3.4080563486015283,3.428151206597299,4129.541936233094,6860.638630701903,260.8802272048882
1.0303861867245407,3.9910134960879446,3268.0650439466713,46499.90748419451,7468.4962329208865
3.4246970667690975,4.810489217974274,3953.796837005306,6521.728006268815,246.08850893235342
1.1078997798764403,4.197716291630751,4514.062245205392,56353.578731914575,8298.691975227748
3.227857784245178,2.64482113577227,2616.561286604132,4798.7437341376435,194.56282636625102
2.3192527727157497,2.093549405183854,2308.132646252955,7639.423030949021,462.51228863996204
3.482411990298251,2.786792132899475,3670.3735422543386,5858.050781905362,217.21767349163838
1.184491411838497,3.7852337921007644,4231.3837677650345,46837.454612655354,6365.42448979512
2.384635711003302,2.154277440452751,4049.140539106463,12736.473372080412,746.6667916449647
3.4232563390477475,3.489098741603709,4191.254595434538,6914.081163318802,261.0716480715004
2.307744610425372,3.7905285467506675,2742.3332592517318,9170.206925469629,557.6770006556172
2.573496595338156,3.0027316724508823,4271.336864700086,11723.41121164272,626.5337341459816
2.739371722461543,4.312736611237465,1480.8362214824338,3679.797433016914,180.09696900043357
2.136352661919433,2.3197947594013155,3177.9563918433983,12184.480557113237,814.8512619577108
2.5688952002101586,2.2254133452074263,1023.0346419924863,2837.231913984333,150.89032967825324
2.4607857798077504,4.18456626861081,2298.343319601081,6861.589098512558,385.5745374613584
3.2528950262274723,3.4864739486185954,2465.8461394855913,4469.5689104283165,179.24909029906078
1.1136159508536447,4.065207189283209,2584.6907664370215,31990.872631156795,4678.723834981469
1.7024079739805758,3.3044820158112387,3781.868826759449,21815.822151514734,1916.1820096964075
3.376028710191397,2.7392060997173204,2554.232405081383,4326.470301392578,165.9414966592163
3.2256594597272907,4.457306953022599,2794.774490490123,5158.861196417306,208.01195514505824
2.1391418819642825,4.398247636906937,1950.17652349731,7498.435505107389,498.05789244863564
2.550331494503842,4.08408941256328,2493.00716651736,6983.951661435297,375.8942097632026
1.6934529574528316,2.816435411689888,1909.078509052606,11129.669381739232,982.75510807781
1.4703028993094032,3.7706920006072613,1292.7836950737747,9732.61420481494,1016.8462402110979
2.1592460123499553,3.0829216908200805,3413.7943735255117,12849.739365403999,847.6302101330386
1.883380570065132,2.2747462199799022,3672.851194220065,17653.941563497876,1374.3888043682066
2.45914027962718,4.751940726386728,3477.961384038458,10385.623965041612,584.6379243643912
1.194336592412462,2.410455892756884,2853.9761752022896,31132.153965628164,4188.001626730984
3.4359870191654163,4.850712061462407,2519.143120716919,4150.03820604963,155.38055891342512
3.4655268611990073,3.338017318873867,4453.334598287302,7177.436468668707,267.5519138905787
